"AdvisoryNumber","Date","Lat","Long","Wind","Pres","Movement","Type","Name","Received","Forecaster"
"1","08/30/2017 11:00","16.4","30.3","50","1004","W at 13 MPH (280 deg)","Tropical Storm","Irma","08/30/2017 10:57","Blake"
"2","08/30/2017 17:00","16.4","31.2","60","1001","W at 15 MPH (275 deg)","Tropical Storm","Irma","08/30/2017 16:38","Landsea"
"3","08/30/2017 23:00","16.4","32.2","65","999","W at 12 MPH (275 deg)","Tropical Storm","Irma","08/30/2017 22:35","Brown"
"4","08/31/2017 05:00","16.5","32.9","70","997","W at 12 MPH (280 deg)","Tropical Storm","Irma","08/31/2017 04:47","Pasch"
"5","08/31/2017 11:00","16.9","33.8","100","979","WNW at 10 MPH (290 deg)","Hurricane","Irma","08/31/2017 10:50","Blake"
"6","08/31/2017 17:00","17.3","34.8","115","967","WNW at 12 MPH (290 deg)","Hurricane","Irma","08/31/2017 16:35","Blake"
"7","08/31/2017 23:00","17.8","35.6","115","967","WNW at 12 MPH (295 deg)","Hurricane","Irma","08/31/2017 22:41","Zelinsky"
"8","09/01/2017 05:00","18.2","36.5","115","967","WNW at 12 MPH (300 deg)","Hurricane","Irma","09/01/2017 04:47","Cangialosi"
"9","09/01/2017 11:00","18.5","37.8","110","972","WNW at 13 MPH (285 deg)","Hurricane","Irma","09/01/2017 10:53","Blake"
"10","09/01/2017 17:00","18.8","39.1","120","964","W at 13 MPH (275 deg)","Hurricane","Irma","09/01/2017 16:50","Blake"
"11","09/01/2017 23:00","19.1","40.5","115","967","W at 14 MPH (275 deg)","Hurricane","Irma","09/01/2017 22:44","Zelinsky"
"12","09/02/2017 05:00","19.0","41.8","110","970","W at 14 MPH (270 deg)","Hurricane","Irma","09/02/2017 04:50","Cangialosi"
"13","09/02/2017 11:00","18.8","43.3","110","973","W at 15 MPH (265 deg)","Hurricane","Irma","09/02/2017 10:55","Landsea"
"14","09/02/2017 17:00","18.5","44.6","110","973","W at 15 MPH (265 deg)","Hurricane","Irma","09/02/2017 16:41","Beven"
"15","09/02/2017 23:00","18.3","46.2","110","973","W at 14 MPH (260 deg)","Hurricane","Irma","09/02/2017 22:51","Avila"
"16","09/03/2017 05:00","18.0","47.5","115","969","WSW at 15 MPH (255 deg)","Hurricane","Irma","09/03/2017 04:47","Berg"
"17","09/03/2017 11:00","17.7","48.4","115","969","WSW at 14 MPH (255 deg)","Hurricane","Irma","09/03/2017 10:53","Brown"
"18","09/03/2017 17:00","17.6","49.8","115","969","W at 14 MPH (260 deg)","Hurricane","Irma","09/03/2017 16:53","Brown"
"18A","09/03/2017 20:00","17.6","49.8","115","959","W at 14 MPH (260 deg)","Hurricane","Irma","09/03/2017 19:38","Pasch"
"19","09/03/2017 23:00","17.2","51.0","115","961","WSW at 14 MPH (255 deg)","Hurricane","Irma","09/03/2017 22:35","Pasch"
"19A","09/04/2017 02:00","17.0","51.5","115","961","WSW at 14 MPH (255 deg)","Hurricane","Irma","09/04/2017 01:47","Berg"
"20","09/04/2017 05:00","16.9","52.3","115","961","WSW at 14 MPH (255 deg)","Hurricane","Irma","09/04/2017 04:56","Berg"
"20A","09/04/2017 08:00","16.8","52.6","120","947","WSW at 14 MPH (255 deg)","Hurricane","Irma","09/04/2017 07:50","Brown"
"21","09/04/2017 11:00","16.8","53.3","120","944","WSW at 14 MPH (255 deg)","Hurricane","Irma","09/04/2017 10:50","Brown"
"21A","09/04/2017 14:00","16.7","53.8","120","944","WSW at 14 MPH (255 deg)","Hurricane","Irma","09/04/2017 13:44","Brown"
"22","09/04/2017 17:00","16.7","54.4","130","944","W at 13 MPH (265 deg)","Hurricane","Irma","09/04/2017 16:38","Brown"
"22A","09/04/2017 20:00","16.7","55.0","140","943","W at 13 MPH (270 deg)","Hurricane","Irma","09/04/2017 19:50","Pasch"
"23","09/04/2017 23:00","16.7","55.6","140","943","W at 13 MPH (270 deg)","Hurricane","Irma","09/04/2017 22:38","Pasch"
"23A","09/05/2017 02:00","16.6","56.4","145","939","W at 13 MPH (270 deg)","Hurricane","Irma","09/05/2017 01:38","Avila"
"24","09/05/2017 05:00","16.6","57.0","150","937","W at 14 MPH (270 deg)","Hurricane","Irma","09/05/2017 04:50","Avila"
"25","09/05/2017 08:00","16.7","57.7","175","929","W at 14 MPH (280 deg)","Hurricane","Irma","09/05/2017 08:02","Brown"
"26","09/05/2017 11:00","16.8","58.4","180","931","W at 14 MPH (270 deg)","Hurricane","Irma","09/05/2017 10:47","Brown"
"26A","09/05/2017 14:00","16.9","59.1","185","926","W at 14 MPH (275 deg)","Hurricane","Irma","09/05/2017 13:44","Brown"
"27","09/05/2017 17:00","17.1","59.8","185","926","W at 15 MPH (280 deg)","Hurricane","Irma","09/05/2017 16:53","Brown"
"27A","09/05/2017 20:00","17.2","60.5","185","916","W at 15 MPH (280 deg)","Hurricane","Irma","09/05/2017 19:44","Pasch"
"28","09/05/2017 23:00","17.4","61.1","185","916","WNW at 15 MPH (285 deg)","Hurricane","Irma","09/05/2017 22:37","Pasch"
"28A","09/06/2017 02:00","17.7","61.8","185","914","WNW at 15 MPH (285 deg)","Hurricane","Irma","09/06/2017 01:48","Beven"
"29","09/06/2017 05:00","17.9","62.6","185","914","WNW at 16 MPH (285 deg)","Hurricane","Irma","09/06/2017 04:58","Beven"
"29A","09/06/2017 08:00","18.1","63.3","185","918","WNW at 16 MPH (285 deg)","Hurricane","Irma","09/06/2017 07:58","Brown"
"30","09/06/2017 11:00","18.2","64.0","185","918","WNW at 16 MPH (285 deg)","Hurricane","Irma","09/06/2017 10:48","Brown"
"30A","09/06/2017 14:00","18.5","64.7","185","920","WNW at 16 MPH (285 deg)","Hurricane","Irma","09/06/2017 13:56","Brown"
"31","09/06/2017 17:00","18.8","65.4","185","914","WNW at 16 MPH (285 deg)","Hurricane","Irma","09/06/2017 16:57","Brown"
"31A","09/06/2017 20:00","19.1","66.1","185","914","WNW at 16 MPH (290 deg)","Hurricane","Irma","09/06/2017 20:03","Pasch"
"32","09/06/2017 23:00","19.4","66.8","185","916","WNW at 16 MPH (290 deg)","Hurricane","Irma","09/06/2017 22:53","Pasch"
"32A","09/07/2017 02:00","19.7","67.7","180","921","WNW at 16 MPH (290 deg)","Hurricane","Irma","09/07/2017 01:57","Beven"
"33","09/07/2017 05:00","20.0","68.3","180","921","WNW at 17 MPH (290 deg)","Hurricane","Irma","09/07/2017 05:04","Beven"
"33A","09/07/2017 08:00","20.1","69.0","180","921","WNW at 17 MPH (290 deg)","Hurricane","Irma","09/07/2017 07:44","Avila"
"34","09/07/2017 11:00","20.4","69.7","175","921","WNW at 16 MPH (290 deg)","Hurricane","Irma","09/07/2017 10:52","Avila"
"34A","09/07/2017 14:00","20.7","70.4","175","922","WNW at 16 MPH (290 deg)","Hurricane","Irma","09/07/2017 13:45","Avila"
"35","09/07/2017 17:00","20.9","71.1","175","922","WNW at 16 MPH (285 deg)","Hurricane","Irma","09/07/2017 17:01","Avila"
"35A","09/07/2017 20:00","21.1","71.8","175","919","WNW at 16 MPH (285 deg)","Hurricane","Irma","09/07/2017 19:56","Berg"
"36","09/07/2017 23:00","21.3","72.4","165","920","WNW at 16 MPH (290 deg)","Hurricane","Irma","09/07/2017 23:02","Berg"
"36A","09/08/2017 02:00","21.5","73.3","160","925","WNW at 16 MPH (290 deg)","Hurricane","Irma","09/08/2017 01:47","Beven"
"37","09/08/2017 05:00","21.7","73.8","155","925","WNW at 16 MPH (285 deg)","Hurricane","Irma","09/08/2017 04:47","Beven"
"37A","09/08/2017 08:00","21.8","74.7","150","927","WNW at 16 MPH (285 deg)","Hurricane","Irma","09/08/2017 07:41","Avila"
"38","09/08/2017 11:00","22.0","75.3","150","927","WNW at 14 MPH (285 deg)","Hurricane","Irma","09/08/2017 10:53","Avila"
"38A","09/08/2017 14:00","22.0","76.0","155","925","W at 14 MPH (270 deg)","Hurricane","Irma","09/08/2017 13:43","Avila"
"39","09/08/2017 17:00","22.1","76.5","155","925","W at 12 MPH (280 deg)","Hurricane","Irma","09/08/2017 16:59","Avila"
"39A","09/08/2017 20:00","22.2","77.2","155","924","W at 12 MPH (280 deg)","Hurricane","Irma","09/08/2017 19:59","Berg"
"40","09/08/2017 23:00","22.1","77.7","160","924","W at 13 MPH (280 deg)","Hurricane","Irma","09/08/2017 23:02","Berg"
"40A","09/09/2017 02:00","22.3","78.2","160","930","W at 12 MPH (280 deg)","Hurricane","Irma","09/09/2017 01:53","Beven"
"41","09/09/2017 05:00","22.5","78.8","155","930","WNW at 12 MPH (285 deg)","Hurricane","Irma","09/09/2017 05:02","Beven"
"41A","09/09/2017 08:00","22.6","79.6","130","937","WNW at 12 MPH (275 deg)","Hurricane","Irma","09/09/2017 07:46","Avila"
"42","09/09/2017 11:00","22.8","79.8","125","941","W at 9 MPH (280 deg)","Hurricane","Irma","09/09/2017 10:59","Avila"
"42A","09/09/2017 14:00","23.1","80.2","125","941","W at 9 MPH (280 deg)","Hurricane","Irma","09/09/2017 13:47","Avila"
"43","09/09/2017 17:00","23.4","80.5","125","933","WNW at 9 MPH (295 deg)","Hurricane","Irma","09/09/2017 17:01","Avila"
"43A","09/09/2017 20:00","23.3","80.8","120","932","WNW at 7 MPH (290 deg)","Hurricane","Irma","09/09/2017 19:53","Berg"
"44","09/09/2017 23:00","23.5","81.0","120","933","NW at 6 MPH (305 deg)","Hurricane","Irma","09/09/2017 22:59","Berg"
"44A","09/10/2017 02:00","23.7","81.3","130","931","NW at 6 MPH (310 deg)","Hurricane","Irma","09/10/2017 02:02","Beven"
"45","09/10/2017 05:00","24.1","81.5","130","928","NW at 8 MPH (325 deg)","Hurricane","Irma","09/10/2017 05:02","Beven"
"45A","09/10/2017 08:00","24.5","81.5","130","929","NNW at 8 MPH (330 deg)","Hurricane","Irma","09/10/2017 07:55","Pasch"
"46","09/10/2017 11:00","25.0","81.5","130","933","N at 9 MPH (350 deg)","Hurricane","Irma","09/10/2017 10:50","Pasch"
"46A","09/10/2017 14:00","25.6","81.8","120","936","N at 12 MPH (350 deg)","Hurricane","Irma","09/10/2017 13:59","Pasch"
"47","09/10/2017 17:00","26.2","81.8","110","938","N at 14 MPH (350 deg)","Hurricane","Irma","09/10/2017 16:56","Pasch"
"47A","09/10/2017 20:00","26.7","81.7","105","942","N at 14 MPH (355 deg)","Hurricane","Irma","09/10/2017 19:53","Berg"
"48","09/10/2017 23:00","27.5","81.9","100","952","N at 14 MPH (350 deg)","Hurricane","Irma","09/10/2017 22:44","Berg"
"48A","09/11/2017 02:00","28.2","82.2","85","960","NNW at 15 MPH (345 deg)","Hurricane","Irma","09/11/2017 01:56","Beven"
"49","09/11/2017 05:00","28.9","82.6","75","965","NNW at 18 MPH (340 deg)","Hurricane","Irma","09/11/2017 04:59","Beven"
"49A","09/11/2017 08:00","29.5","82.9","70","970","NNW at 18 MPH (340 deg)","Tropical Storm","Irma","09/11/2017 07:59","Pasch"
"50","09/11/2017 11:00","30.3","83.1","65","975","NNW at 17 MPH (340 deg)","Tropical Storm","Irma","09/11/2017 10:53","Pasch"
"50A","09/11/2017 14:00","30.8","83.6","60","980","NNW at 17 MPH (340 deg)","Tropical Storm","Irma","09/11/2017 13:50","Pasch"
"51","09/11/2017 17:00","31.5","84.0","50","985","NNW at 17 MPH (340 deg)","Tropical Storm","Irma","09/11/2017 16:38","Pasch"
"51A","09/11/2017 20:00","31.9","84.4","45","986","NNW at 16 MPH (330 deg)","Tropical Storm","Irma","09/11/2017 19:56","Berg"
"52","09/11/2017 23:00","32.4","84.9","35","988","NW at 15 MPH (320 deg)","Tropical Depression","IRMA","09/11/2017 22:32","Berg"
